{
  "region_macro_map": {
    "(none)": "",
    "": "",
    "terrestrial rural": "terrestrial rural landscape",
    "terrestrial urban": "terrestrial urban environment",
    "terrestrial wilderness": "terrestrial wilderness environment",
    "mountain region": "mountain region",
    "coastal region": "coastal coastal region",
    "arctic region": "arctic region",
    "desert region": "desert region",
    "wetland region": "wetland region",
    "extraterrestrial rocky world": "extraterrestrial rocky world surface",
    "extraterrestrial ice world": "extraterrestrial ice world surface",
    "extraterrestrial jungle world": "extraterrestrial alien jungle world",
    "extraterrestrial desert world": "extraterrestrial desert world surface",
    "space habitat interior": "interior of a large space habitat",
    "starship interior": "interior of a large starship corridor or room"
  },

  "terrain_map": {
    "(none)": "",
    "": "",
    "flat plain": "broad flat plain",
    "rolling hills": "gently rolling hills",
    "steep hills": "steep hillside terrain",
    "mountain range": "towering mountain range",
    "cliffside": "sheer rocky cliffside",
    "canyon": "deep rocky canyon",
    "ravine": "narrow ravine",
    "plateau": "high plateau",
    "mesa": "isolated rocky mesa",
    "valley": "green valley between hills",
    "coastal shore": "rocky coastal shore",
    "sandy shoreline": "sandy shoreline",
    "dune sea": "vast dune sea",
    "rocky badlands": "jagged rocky badlands",
    "wetlands": "marshy wetlands",
    "swamp": "murky swamp terrain",
    "tundra": "frozen tundra",
    "glacier field": "broad glacier field",
    "forest clearing": "open forest clearing",
    "crater field": "scattered impact craters",
    "extraterrestrial crystal plain": "alien crystal-studded plain",
    "extraterrestrial jagged ridges": "alien jagged ridge formations",
    "extraterrestrial floating isles": "fragmented floating rock islands",
    "extraterrestrial fractured ground": "fractured, uneven alien ground"
  },

  "biome_map": {
    "(none)": "",
    "": "",
    "temperate forest": "temperate forest biome",
    "boreal forest": "dense boreal forest biome",
    "tropical rainforest": "lush tropical rainforest biome",
    "savanna": "warm savanna biome with scattered trees",
    "grassland": "open grassland biome",
    "steppe": "dry steppe grassland biome",
    "desert": "hot arid desert biome",
    "cold desert": "cold barren desert biome",
    "wetland": "wetland biome with reeds and shallow water",
    "swamp forest": "dark swamp forest biome",
    "tundra biome": "windswept tundra biome",
    "alpine": "alpine biome near mountain peaks",
    "coastal dunes": "coastal dune biome",
    "coral reef": "shallow coral reef biome",
    "kelp forest": "submerged kelp forest biome",
    "urban district": "dense urban district environment",
    "industrial zone": "gritty industrial zone",
    "extraterrestrial fungal forest": "alien fungal forest biome",
    "extraterrestrial bioluminescent jungle": "bioluminescent alien jungle biome",
    "extraterrestrial metallic plain": "cold metallic artificial plain",
    "extraterrestrial crystalline field": "bright alien crystalline field"
  },

  "canopy_map": {
    "(none)": "",
    "": "",
    "no trees": "no significant trees in the area",
    "sparse trees": "sparse scattered trees",
    "light forest canopy": "light forest canopy overhead",
    "dense forest canopy": "dense forest canopy blocking much of the sky",
    "coniferous forest": "tall coniferous trees forming a forest",
    "deciduous forest": "deciduous trees with broad leaves",
    "mixed woodland": "mixed coniferous and deciduous woodland",
    "orchard": "neatly spaced orchard trees",
    "jungle canopy": "thick jungle canopy overhead",
    "mangrove trees": "twisted mangrove trees near water",
    "extraterrestrial spire trees": "towering alien spire-like trees",
    "extraterrestrial crystal growths": "towering crystal growths in place of trees",
    "extraterrestrial fungal canopy": "giant mushroom-like fungal canopy",
    "extraterrestrial vine forest": "dense network of alien vine-like growths"
  },

  "undergrowth_map": {
    "(none)": "",
    "": "",
    "bare ground": "bare exposed ground with little undergrowth",
    "short grass": "short wild grass",
    "tall grass": "tall wild grass",
    "flowering meadow": "meadow filled with wildflowers",
    "dense shrubs": "dense shrubs and bushes",
    "ferns": "clusters of ferns near the ground",
    "mossy ground": "ground covered in soft moss",
    "leaf litter": "thick layer of fallen leaves",
    "thorny undergrowth": "thorny, tangled undergrowth",
    "reeds and rushes": "tall reeds and rushes near water",
    "succulents and cacti": "succulents and cacti scattered around",
    "extraterrestrial bioluminescent plants": "bioluminescent alien plants near the ground",
    "extraterrestrial creeping vines": "alien creeping ground vines",
    "extraterrestrial spore pods": "strange pod-like alien flora on the ground",
    "extraterrestrial crystalline shrubs": "low crystalline formations like shrubs"
  },

  "water_bodies": [
    "(none)",
    "",
    "narrow creek",
    "winding river",
    "wide river",
    "calm lake",
    "mountain lake",
    "forest pond",
    "reflective pond",
    "marshy pool",
    "waterfall",
    "coastal ocean",
    "open sea",
    "tidal pool",
    "estuary",
    "harbor water",
    "canal waterway",
    "submerged shallows",
    "extraterrestrial methane lake",
    "extraterrestrial ammonia sea",
    "extraterrestrial acid pool",
    "slow-flowing alien river of strange liquid"
  ],

  "ground_surface_map": {
    "(none)": "",
    "": "",
    "packed dirt": "packed dirt ground",
    "loose soil": "loose soil underfoot",
    "rocky ground": "uneven rocky ground",
    "gravel path": "gravel-covered ground",
    "cobblestone street": "old cobblestone street",
    "smooth pavement": "smooth paved surface",
    "broken concrete": "cracked, broken concrete ground",
    "wooden floorboards": "weathered wooden floorboards",
    "sand": "loose sand underfoot",
    "fine dust": "fine dusty surface",
    "muddy ground": "wet muddy ground",
    "snow-covered ground": "ground covered in snow",
    "ice sheet": "solid sheet of ice underfoot",
    "moss carpet": "thick carpet of moss on the ground",
    "leaf-strewn ground": "ground strewn with fallen leaves",
    "volcanic rock": "dark volcanic rock ground",
    "extraterrestrial crystal floor": "ground covered in slick crystal plates",
    "extraterrestrial metallic decking": "alien metallic deck plating",
    "extraterrestrial porous stone": "strange porous alien stone underfoot"
  },

  "landform_features": [
    "(none)",
    "",
    "gentle slope",
    "steep slope",
    "rocky outcrop",
    "isolated boulder",
    "boulder field",
    "ridge line",
    "mountain peak in the distance",
    "distant volcano",
    "eroded rock formations",
    "arched rock formation",
    "sinkhole",
    "small cave entrance",
    "cliff overhang",
    "river gorge",
    "winding ravine",
    "rolling dunes",
    "terraced hillsides",
    "stone staircase carved into rock",
    "extraterrestrial floating rock shards",
    "extraterrestrial jagged crystal spires",
    "extraterrestrial clustered monoliths",
    "extraterrestrial honeycomb rock formations"
  ],

  "sky_state": [
    "(none)",
    "",
    "clear sky",
    "light scattered clouds",
    "dense cloud cover",
    "thin high-altitude clouds",
    "layered storm clouds",
    "patchy clouds",
    "hazy sky",
    "fog bank on the horizon",
    "dust-filled sky",
    "ash-filled sky",
    "visible distant mountains against the sky",
    "binary star sky",
    "gas giant dominating the sky",
    "ringed planet visible overhead",
    "multiple moons in the sky",
    "alien nebula visible across the sky",
    "extraterrestrial aurora-like bands"
  ],

  "weather_state": [
    "(none)",
    "",
    "calm weather",
    "light breeze",
    "strong wind",
    "dusty wind",
    "light rain",
    "steady rain",
    "heavy rain",
    "drizzle",
    "snow flurries",
    "steady snowfall",
    "blizzard conditions",
    "sleet and freezing rain",
    "humid air",
    "dry air",
    "foggy conditions",
    "thick ground mist",
    "distant storm front",
    "rolling thunderclouds in the distance",
    "extraterrestrial dust storm",
    "extraterrestrial charged particle storm",
    "strange luminous atmospheric streaks"
  ],

  "season": [
    "(none)",
    "",
    "spring",
    "early spring",
    "late spring",
    "summer",
    "high summer",
    "late summer",
    "autumn",
    "early autumn",
    "late autumn",
    "winter",
    "deep winter",
    "thaw season",
    "dry season",
    "rainy season",
    "extraterrestrial long daylight cycle",
    "extraterrestrial long night cycle",
    "extraterrestrial eclipse season"
  ],

  "atmospheric_elements": [
    "(none)",
    "",
    "visible breath in cold air",
    "lingering ground fog",
    "wafting mist between trees",
    "dust motes in the air",
    "loose sand drifting in the wind",
    "swirling snow in the air",
    "falling leaves from trees",
    "pollen drifting in the air",
    "insects buzzing around",
    "distant flock of birds",
    "swarm of small creatures in the distance",
    "extraterrestrial glowing spores",
    "extraterrestrial drifting bio-luminescent motes",
    "extraterrestrial slow-falling crystalline particles",
    "extraterrestrial static-charged dust in the air"
  ],

  "manmade_presence": [
    "(none)",
    "",
    "no visible manmade structures",
    "ancient stone ruins",
    "crumbled wall remains",
    "old stone pathway",
    "wooden fence line",
    "simple dirt road",
    "paved road with faded markings",
    "railway tracks crossing the scene",
    "small footbridge",
    "wooden dock at the water",
    "abandoned shack",
    "isolated cabin",
    "farmhouse and barn in the distance",
    "small village in the distance",
    "city skyline far away",
    "faded signpost",
    "rusted vehicle wreck",
    "scattered debris from past activity",
    "extraterrestrial monoliths",
    "extraterrestrial pylons and towers",
    "alien ruin fragments",
    "alien archways partially buried",
    "alien platform structures"
  ],

  "clutter_details": [
    "(none)",
    "",
    "fallen branches on the ground",
    "scattered rocks",
    "piles of leaves",
    "small wildflowers among the grass",
    "tangled roots above the soil",
    "discarded tools",
    "broken crates and barrels",
    "rope coiled near a post",
    "shards of broken pottery",
    "animal tracks in the soil",
    "cart ruts in the ground",
    "driftwood along the shore",
    "seaweed washed ashore",
    "trash and litter near a road",
    "old campfire remains",
    "tracks leading toward the distance",
    "extraterrestrial shell fragments",
    "extraterrestrial strange metallic debris",
    "extraterrestrial organic husks",
    "extraterrestrial crystalline shards scattered about"
  ],

  "presets": [
    {
      "name": "Forest Clearing (Temperate)",
      "values": {
        "region_macro": "terrestrial wilderness",
        "terrain": "forest clearing",
        "biome": "temperate forest",
        "canopy": "light forest canopy",
        "undergrowth": "short grass",
        "water": "forest pond",
        "ground_surface": "leaf-strewn ground",
        "season": "late spring",
        "weather_state": "calm weather"
      }
    },
    {
      "name": "High Mountain Pass",
      "values": {
        "region_macro": "mountain region",
        "terrain": "mountain range",
        "biome": "alpine",
        "canopy": "no trees",
        "undergrowth": "bare ground",
        "water": "mountain lake",
        "ground_surface": "rocky ground",
        "season": "late summer",
        "weather_state": "strong wind"
      }
    },
    {
      "name": "Desert Dune Sea",
      "values": {
        "region_macro": "desert region",
        "terrain": "dune sea",
        "biome": "desert",
        "canopy": "no trees",
        "undergrowth": "succulents and cacti",
        "water": "(none)",
        "ground_surface": "sand",
        "season": "dry season",
        "weather_state": "hot dry air"
      }
    },
    {
      "name": "Coastal Cliffs",
      "values": {
        "region_macro": "coastal region",
        "terrain": "cliffside",
        "biome": "coastal dunes",
        "canopy": "sparse trees",
        "undergrowth": "tall grass",
        "water": "coastal ocean",
        "ground_surface": "rocky ground",
        "season": "summer",
        "weather_state": "light breeze"
      }
    },
    {
      "name": "Alien Crystal Plateau",
      "values": {
        "region_macro": "extraterrestrial rocky world",
        "terrain": "extraterrestrial crystal plain",
        "biome": "extraterrestrial crystalline field",
        "canopy": "extraterrestrial crystal growths",
        "undergrowth": "extraterrestrial crystalline shrubs",
        "water": "extraterrestrial acid pool",
        "ground_surface": "extraterrestrial crystal floor",
        "season": "extraterrestrial long daylight cycle",
        "weather_state": "extraterrestrial charged particle storm"
      }
    },
    {
      "name": "Alien Bioluminescent Jungle",
      "values": {
        "region_macro": "extraterrestrial jungle world",
        "terrain": "extraterrestrial jagged ridges",
        "biome": "extraterrestrial bioluminescent jungle",
        "canopy": "extraterrestrial fungal canopy",
        "undergrowth": "extraterrestrial bioluminescent plants",
        "water": "extraterrestrial methane lake",
        "ground_surface": "extraterrestrial porous stone",
        "season": "extraterrestrial long night cycle",
        "weather_state": "extraterrestrial dust storm"
      }
    },
    {
      "name": "Frozen Tundra Expanse",
      "values": {
        "region_macro": "arctic region",
        "terrain": "tundra",
        "biome": "tundra biome",
        "canopy": "no trees",
        "undergrowth": "bare ground",
        "water": "(none)",
        "ground_surface": "ice sheet",
        "season": "deep winter",
        "weather_state": "steady snowfall"
      }
    }
  ]
}
