{
  "format_version": 2,

  "one_piece_lingerie": [
    "(none)", "",
    "babydoll lingerie",
    "bodysuit lingerie",
    "bodystocking lingerie",
    "camisole lingerie",
    "chemise lingerie",
    "corset with thong and garters",
    "fishnet lingerie",
    "goth girl lingerie",
    "lace bodystocking lingerie",
    "negligee lingerie",
    "nightgown lingerie",
    "nightshirt lingerie",
    "teddy lingerie"
  ],

  "undergarment_top_lingerie": [
    "(none)", "",
    "balconette bra",
    "bra",
    "bralette",
    "bustier",
    "camisole",
    "corset",
    "demi bra",
    "longline bra",
    "plunge bra",
    "push-up bra",
    "sports bra",
    "strapless bra"
  ],

  "undergarment_bottom_lingerie": [
    "(none)", "",
    "bikini panties",
    "boyshorts",
    "brazilian panties",
    "briefs",
    "cheeky panties",
    "g-string",
    "high-waist panties",
    "hipster panties",
    "tanga panties",
    "thong"
  ],

  "hosiery_lingerie": [
    "(none)", "",
    "fishnets",
    "pantyhose",
    "seamed stockings",
    "stay-up stockings",
    "thigh highs"
  ],

  "accessories_lingerie": [
    "(none)", "",
    "choker",
    "elbow gloves",
    "garter belt",
    "garter straps",
    "lace gloves",
    "mesh gloves",
    "neck ribbon",
    "robe",
    "satin robe",
    "sheer robe"
  ],

  "materials_lingerie": [
    "(none)", "",
    "chiffon",
    "cotton",
    "latex",
    "leather",
    "lace",
    "mesh",
    "microfiber",
    "satin",
    "sheer",
    "silk",
    "tulle",
    "velvet"
  ],

  "lace_pattern_lingerie": [
    "(none)", "",
    "baroque lace",
    "chantilly lace",
    "crochet lace",
    "eyelash lace",
    "floral lace",
    "geometric lace",
    "guipure lace",
    "leaf motif lace",
    "scalloped lace"
  ],

  "color_base": [
    "(none)", "",
    "black",
    "blue",
    "bronze",
    "burgundy",
    "champagne",
    "copper",
    "cream",
    "crimson",
    "emerald",
    "gold",
    "gray",
    "green",
    "gunmetal",
    "ivory",
    "navy",
    "olive",
    "pewter",
    "pink",
    "platinum",
    "purple",
    "red",
    "rose",
    "rose gold",
    "royal blue",
    "silver",
    "sky blue",
    "steel blue",
    "violet",
    "white"
  ],

  "color_trim": [
    "(none)", "",
    "black",
    "blue",
    "bronze",
    "burgundy",
    "champagne",
    "copper",
    "cream",
    "crimson",
    "emerald",
    "gold",
    "gray",
    "green",
    "gunmetal",
    "ivory",
    "navy",
    "olive",
    "pewter",
    "pink",
    "platinum",
    "purple",
    "red",
    "rose",
    "rose gold",
    "royal blue",
    "silver",
    "sky blue",
    "steel blue",
    "violet",
    "white"
  ]
}
