{
  "headwear": [
	"beret",
	"beanie",
	"sun hat",
	"wide-brim hat",
	"bucket hat",
	"trucker cap",
	"baseball cap",
	"winter hat",
	"cowboy hat",
	"hood",
	"flower crown"
  ],	
  "topwear": [
    "crop top",
    "halterneck",
    "tank top",
    "tube top",
    "graphic t-shirt",
    "button-up shirt",
    "button-down blouse",
    "cardigan",
    "hoodie",
    "sweater",
    "off-shoulder top",
    "bustier top",
    "wrap top",
    "turtleneck",
    "blouse",
    "sports bra",
    "vest",
    "mesh top",
    "corset top",
    "see-through blouse",
    "tie-front top"
  ],
  "bottomwear": [
    "miniskirt",
    "pleated skirt",
    "pencil skirt",
    "long skirt",
    "jeans",
    "ripped jeans",
    "cargo pants",
    "short shorts",
    "bike shorts",
    "capri pants",
    "leggings",
    "yoga pants",
    "bloomers",
    "culottes",
    "denim skirt",
    "wrap skirt"
  ],
  "full_outfits": [
    "casual outfit",
    "party dress",
    "evening gown",
    "summer dress",
    "sun dress",
    "layered outfit",
    "gothic outfit",
    "punk outfit",
    "preppy outfit",
    "bohemian outfit",
    "vintage outfit",
    "cyberpunk outfit",
    "athleisure outfit",
    "streetwear outfit"
  ],
  "footwear": [
    "sneakers",
    "boots",
    "combat boots",
    "thigh-high boots",
    "heels",
    "platform shoes",
    "sandals",
    "slippers",
    "ankle boots",
    "loafers",
    "mary janes",
    "flip flops",
    "barefoot"
  ],
  "accessories": {
    "head_and_face": [
      "glasses",
      "sunglasses",
      "face mask",
      "headband",
      "hair clip",
      "hair bow",
      "hair ribbon",
      "tiara",
      "headphones",
      "goggles",
      "eye patch"
    ],
    "neck_and_shoulders": [
      "scarf",
      "necklace",
      "choker",
      "shoulder wrap",
      "shawl",
      "feather boa",
      "mantle"
    ],
    "limbs": [
      "bracelets",
      "gloves",
      "fingerless gloves",
      "arm warmers",
      "wristband",
      "watch",
	  "arm sleeves",
	  "arm bands",
	  "wrist wraps",
	  "anklets",
	  "leg warmers",
	  "knee pads",
	  "elbow pads",
	  "thigh straps",
	  "arm straps"
    ],
    "torso_misc": [
      "belt",
      "utility belt",
      "waist chain",
      "fanny pack",
      "sash",
	  "shoulder holster",
	  "chest harness",
	  "torso strap",
	  "body chain",
	  "corset harness",
	  "utility chest rig",
	  "suspender straps",
	  "ribbon wrap"
    ],
    "legs_and_feet": [
      "thigh-high socks",
      "over-the-knee socks",
      "ankle socks",
      "fishnet stockings",
      "tights",
      "leggings with holes",
      "ripped tights"
    ],
    "general": [
      "bag",
      "purse",
      "backpack",
      "parasol",
      "cape",
      "cloak",
      "tail accessory",
      "body harness",
      "chains",
      "torn clothing",
      "distressed clothing",
      "transparent clothing",
      "sheer fabric"
    ]
  },
  "styles_and_patterns": {
    "patterns": [
      "plaid pattern",
      "striped pattern",
      "polka dot pattern",
      "floral pattern",
      "herringbone pattern",
      "camouflage pattern",
      "houndstooth pattern"
    ],
    "prints": [
      "anime print",
      "animal print",
      "skull print",
      "logo print",
      "graphic print",
      "celestial print",
      "neon print"
    ],
    "other": [
      "distressed style",
      "layered style",
      "revealing style",
      "transparent style",
      "asymmetrical design",
      "cutout sections",
      "open back",
      "deep neckline",
      "frills and ruffles",
      "torn sleeves"
    ]
  }
}
