{
  "one_piece": [
    "bikesuit",
    "racing_suit",
    "bodystocking",
    "bodysuit",
    "jumpsuit",
    "short_jumpsuit",
    "bodysuit_leotard_style",
    "sheer_bodysuit",
    "strapless_bodysuit",
    "playboy_bunny",
    "unitard"
  ],
  "two_piece": [
    "bikini",
    "leaf_bikini",
    "string_bikini",
    "micro_bikini",
    "side_tie_bikini_bottom",
    "lowleg_bikini",
    "thong_bikini",
    "venus_bikini",
    "sports_bikini",
    "tankini",
    "criss_cross_halter"
  ],
  "sport_race_swim": [
    "swimsuit",
    "competition_swimsuit",
    "school_swimsuit",
    "rash_guard",
    "swim_briefs",
    "jammers",
    "legskin"
  ],
  "coverups": [
    "robe",
    "bathrobe",
    "open_robe",
    "kesa",
    "romper",
    "sarong",
    "tunic"
  ],
  "materials": [
    "spandex",
    "lycra",
    "nylon",
    "polyester",
    "microfiber",
    "neoprene",
    "ribbed_knit",
    "mesh",
    "sheer_mesh",
    "lace_overlay",
    "satin_finish",
    "matte_finish",
    "glossy_finish",
    "wet_look",
    "holographic",
    "metallic",
    "foil_print",
    "scuba_fabric",
    "compression_fabric",
    "quick_dry",
    "uv_protective"
  ],
  "color_base": [
    "black",
    "white",
    "gray",
    "charcoal",
    "silver",
    "gold",
    "beige",
    "tan",
    "brown",
    "ivory",
    "red",
    "crimson",
    "maroon",
    "orange",
    "burnt_orange",
    "amber",
    "yellow",
    "mustard",
    "lime",
    "green",
    "forest_green",
    "teal",
    "cyan",
    "aqua",
    "blue",
    "navy",
    "royal_blue",
    "indigo",
    "purple",
    "violet",
    "magenta",
    "pink",
    "hot_pink",
    "rose",
    "peach",
    "pastel_pink",
    "pastel_blue",
    "pastel_green",
    "neon_green",
    "neon_yellow",
    "neon_pink",
    "neon_orange",
    "burgundy",
    "turquoise",
    "mint",
    "lavender",
    "cream"
  ],
  "color_trim": [
    "black",
    "white",
    "gray",
    "charcoal",
    "silver",
    "gold",
    "beige",
    "tan",
    "brown",
    "ivory",
    "red",
    "crimson",
    "maroon",
    "orange",
    "burnt_orange",
    "amber",
    "yellow",
    "mustard",
    "lime",
    "green",
    "forest_green",
    "teal",
    "cyan",
    "aqua",
    "blue",
    "navy",
    "royal_blue",
    "indigo",
    "purple",
    "violet",
    "magenta",
    "pink",
    "hot_pink",
    "rose",
    "peach",
    "pastel_pink",
    "pastel_blue",
    "pastel_green",
    "neon_green",
    "neon_yellow",
    "neon_pink",
    "neon_orange",
    "burgundy",
    "turquoise",
    "mint",
    "lavender",
    "cream"
  ]
}
