{
  "general_uniforms": [
    "apron",
    "harem outfit",
    "loincloth",
    "overalls",
    "pajamas"
  ],
  "capes_and_hoods": [
    "cape",
    "capelet",
    "hood",
    "side cape"
  ],
  "formal_wear": [
    "formal clothes",
    "business suit",
    "pantsuit",
    "skirt suit",
    "tuxedo"
  ],
  "tactical_and_pilot": [
    "armor",
    "armored dress",
    "bikini armor",
    "hazmat suit",
    "HEV suit",
    "G-suit",
    "mecha pilot suit",
    "plugsuit",
    "military uniform"
  ],
  "school_and_academic": [
    "Japanese school uniform (serafuku)",
    "sailor dress",
    "gakuran",
    "school uniform (shosei)"
  ],
  "service_and_religious": [
    "marching band uniform",
    "cheerleader outfit",
    "maid outfit",
    "maid outfit (jersey)",
    "sailor uniform",
    "waitress uniform",
    "nun habit",
    "traditional nun habit",
    "priest robe",
    "cassock"
  ],
  "sports_and_training": [
    "gym uniform",
    "buruma",
    "tracksuit",
    "sweatpants",
    "sweater",
    "tutu"
  ],
  "costumes": {
    "general": [
      "costume",
      "ghost costume",
      "kigurumi",
      "Santa costume",
      "Western cowboy outfit"
    ],
    "animal_costumes": [
      "animal costume",
      "bear costume",
      "boar costume",
      "cat costume",
      "cow costume",
      "dog costume",
      "monkey costume",
      "mouse costume",
      "panda costume",
      "penguin costume",
      "pig costume",
      "rabbit costume",
      "reindeer costume",
      "seal costume",
      "sheep costume",
      "tiger costume"
    ]
  },
  "traditional_attire": {
    "chinese_clothes": [
      "changpao",
      "qipao",
      "fengguan",
      "hanfu",
      "longpao",
      "tangzhuang"
    ],
    "japanese_clothes": [
      "fundoshi",
      "mizu happi",
      "geta sandals",
      "hakama",
      "hakama skirt",
      "short hakama skirt",
      "hakama pants",
      "kimono",
      "furisode kimono",
      "layered kimono",
      "short kimono",
      "uchikake kimono",
      "yukata",
      "haori",
      "happi coat",
      "chanchanko vest",
      "dotera coat",
      "hanten",
      "kimono with skirt",
      "miko outfit",
      "nontraditional miko outfit",
      "sarashi wrap",
      "midriff sarashi",
      "chest sarashi",
      "budget sarashi",
      "undone sarashi",
      "straw cape (mino)",
      "mino hat",
      "tabi socks",
      "tasuki ties"
    ],
    "korean_clothes": [
      "hanbok"
    ],
    "vietnamese_clothes": [
      "ao dai"
    ],
    "european_clothes": [
      "dirndl"
    ]
  }
}
