{
  "format_version": 2,
  "presets": [
    {
      "name": "classic_set_black_lace",
      "values": {
        "undergarment_top_lingerie": "bra",
        "undergarment_bottom_lingerie": "bikini panties",
        "materials_lingerie": "lace",
        "lace_pattern_lingerie": "floral lace",
        "color_base": "black",
        "color_trim": "black"
      }
    },
    {
      "name": "teddy_eyelash_lace_crimson",
      "values": {
        "one_piece_lingerie": "teddy lingerie",
        "materials_lingerie": "lace",
        "lace_pattern_lingerie": "eyelash lace",
        "color_base": "crimson",
        "color_trim": "black"
      }
    },
    {
      "name": "bodystocking_geom_black",
      "values": {
        "one_piece_lingerie": "bodystocking lingerie",
        "materials_lingerie": "mesh",
        "lace_pattern_lingerie": "geometric lace",
        "color_base": "black"
      }
    },
    {
      "name": "corset_thong_emerald_satin",
      "values": {
        "undergarment_top_lingerie": "corset",
        "undergarment_bottom_lingerie": "thong",
        "materials_lingerie": "satin",
        "color_base": "emerald",
        "color_trim": "black"
      }
    },
    {
      "name": "bralette_boyshorts_blush_lace",
      "values": {
        "undergarment_top_lingerie": "bralette",
        "undergarment_bottom_lingerie": "boyshorts",
        "materials_lingerie": "lace",
        "lace_pattern_lingerie": "scalloped lace",
        "color_base": "rose",
        "color_trim": "ivory"
      }
    },
    {
      "name": "bustier_thighhighs_champagne_silk",
      "values": {
        "undergarment_top_lingerie": "bustier",
        "hosiery_lingerie": "thigh highs",
        "materials_lingerie": "silk",
        "color_base": "champagne",
        "color_trim": "gold"
      }
    },
    {
      "name": "chemise_chantilly_navy",
      "values": {
        "one_piece_lingerie": "chemise lingerie",
        "materials_lingerie": "lace",
        "lace_pattern_lingerie": "chantilly lace",
        "color_base": "navy",
        "color_trim": "ivory"
      }
    },
    {
      "name": "camisole_panties_sheer_white",
      "values": {
        "undergarment_top_lingerie": "camisole",
        "undergarment_bottom_lingerie": "panties",
        "materials_lingerie": "sheer",
        "color_base": "white"
      }
    },
    {
      "name": "bodysuit_guipure_royal_blue",
      "values": {
        "one_piece_lingerie": "bodysuit lingerie",
        "materials_lingerie": "lace",
        "lace_pattern_lingerie": "guipure lace",
        "color_base": "royal blue",
        "color_trim": "black"
      }
    },
    {
      "name": "sports_bra_briefs_gray_mesh",
      "values": {
        "undergarment_top_lingerie": "sports bra",
        "undergarment_bottom_lingerie": "briefs",
        "materials_lingerie": "mesh",
        "color_base": "gray",
        "color_trim": "black"
      }
    },

    {
      "name": "nocturne_sheer_black",
      "values": {
        "one_piece_lingerie": "negligee lingerie",
        "materials_lingerie": "sheer",
        "color_base": "black",
        "color_trim": "silver"
      }
    },
    {
      "name": "vintage_rose_ribbon",
      "values": {
        "undergarment_top_lingerie": "longline bra",
        "undergarment_bottom_lingerie": "high-waist panties",
        "materials_lingerie": "lace",
        "lace_pattern_lingerie": "crochet lace",
        "color_base": "rose",
        "color_trim": "champagne"
      }
    },
    {
      "name": "dominatrix_leather_set",
      "values": {
        "undergarment_top_lingerie": "corset",
        "undergarment_bottom_lingerie": "thong",
        "materials_lingerie": "leather",
        "color_base": "black"
      }
    },
    {
      "name": "angelic_white_floral",
      "values": {
        "one_piece_lingerie": "babydoll lingerie",
        "materials_lingerie": "tulle",
        "lace_pattern_lingerie": "floral lace",
        "color_base": "white",
        "color_trim": "ivory"
      }
    },
    {
      "name": "scarlet_valkyrie",
      "values": {
        "undergarment_top_lingerie": "plunge bra",
        "undergarment_bottom_lingerie": "brazilian panties",
        "hosiery_lingerie": "seamed stockings",
        "materials_lingerie": "satin",
        "color_base": "red",
        "color_trim": "gold"
      }
    }
  ]
}
