{
  "view_angle": [
    "dutch angle",
    "dynamic angle",
    "high angle view",
    "low angle view",
    "view from above",
    "view from behind",
    "view from below",
    "side view",
    "high up view",
    "multiple view angles",
    "portrait view",
    "frontal view",
    "upside-down angle"
  ],
  "perspective": [
    "atmospheric perspective",
    "fisheye perspective",
    "panoramic view",
    "deep perspective",
    "vanishing point perspective",
    "perspective variation"
  ],
  "composition": [
    "fading border",
    "inset border",
    "ornate border",
    "outside border frame",
    "partially underwater composition",
    "point of view",
    "rounded corners",
    "viewfinder overlay"
  ],
  "framing": [
    "close-up",
    "extreme close-up",
    "medium shot",
    "long shot",
    "wide shot",
    "over-the-shoulder shot",
    "full body",
    "head and shoulders"
  ],
  "focus": [
    "shallow depth of field",
    "deep focus",
    "blurred background",
    "sharp focus on subject",
    "bokeh background",
    "foreground blur"
  ],
  "crop": [
    "centered composition",
    "rule of thirds",
    "symmetrical composition",
    "asymmetrical composition",
    "tight crop",
    "loose framing"
  ],
  "camera_effects": [
    "tilt shift effect",
    "tracking shot",
    "zoomed-in",
    "macro shot",
    "telephoto effect",
    "fisheye distortion"
  ],
  "overlay_elements": [
    "HUD overlay",
    "camera interface",
    "sci-fi targeting reticle",
    "error screen",
    "text overlay",
    "grid lines"
  ]
}
