{
  "general_uniforms": [
    "apron",
    "kitchen apron",
    "barista apron",
    "chef uniform",
    "cook uniform",
    "waiter uniform",
    "service staff uniform",
    "hotel staff uniform",
    "bellhop uniform",
    "mechanic coveralls",
    "work coveralls",
    "factory work uniform",
    "janitor uniform",
    "security guard uniform",
    "parking attendant uniform",
    "delivery driver uniform",
    "postal worker uniform",
    "medical scrubs",
    "lab coat over clothes",
    "doctor coat",
    "nurse uniform",
    "paramedic uniform",
    "construction work uniform",
    "high-visibility safety vest",
    "store clerk uniform"
  ],

  "capes_and_hoods": [
    "cape",
    "short cape",
    "long cape",
    "hood",
    "hooded cloak",
    "hooded cape",
    "rain poncho",
    "travel cloak",
    "heavy winter cloak"
  ],

  "formal_wear": [
    "formal clothes",
    "business suit",
    "two-piece suit",
    "three-piece suit",
    "tuxedo",
    "white tie outfit",
    "tailcoat",
    "morning coat outfit",
    "formal dinner jacket",
    "formal vest and tie",
    "dress shirt with tie",
    "dress shirt with bow tie",
    "black dress shoes"
  ],

  "tactical_and_pilot": [
    "armor",
    "body armor vest",
    "tactical vest",
    "tactical combat uniform",
    "military uniform",
    "naval uniform",
    "air force uniform",
    "police uniform",
    "riot gear uniform",
    "hazmat suit",
    "radiation suit",
    "firefighter uniform",
    "flight suit",
    "pilot uniform",
    "commercial pilot uniform",
    "helicopter pilot uniform",
    "space suit",
    "rescue team uniform"
  ],

  "futuristic": [
    "sci-fi uniform",
    "starship officer uniform",
    "spacefleet uniform",
    "galactic pilot suit",
    "deep-space exploration suit",
    "pressurized space suit",
    "advanced exosuit",
    "powered exoskeleton armor",
    "synthetic nano-fiber bodysuit",
    "reactive armor bodysuit",
    "lightweight armored jumpsuit",
    "tactical sci-fi jumpsuit",
    "star courier jumpsuit",
    "zero-G operations suit",
    "astro-engineer suit",
    "warp technician uniform",
    "fusion-tech jumpsuit",
    "cybernetic augmentation harness",
    "neon-trim tech suit",
    "luminescent circuit-lined bodysuit",
    "holographic fabric outfit",
    "metamaterial uniform",
    "nanofiber trench coat",
    "quantum-weave coat",
    "energy-shield vest",
    "chromatic visor uniform",
    "modular plating armor",
    "drone-operator uniform",
    "stealth infiltration suit",
    "optical camouflage suit",
    "hardlight chest armor",
    "gravitation belt rig",
    "antigrav field technician suit",
    "exo-aviator uniform",
    "steampunk engineer coat",
    "steampunk corset armor",
    "steampunk gearworker outfit",
    "brass-and-leather coat",
    "gear-trimmed bodice",
    "dieselpunk pilot jacket",
    "dieselpunk mechanic jumpsuit",
    "clockwork exo-rig",
    "industrial retro-future jumpsuit",
    "neo-Victorian dress uniform"
  ],

  "service_and_religious": [
    "marching band uniform",
    "drum major uniform",
    "orchestra concert outfit",
    "choir robe",
    "waiter formal uniform",
    "train conductor uniform",
    "flight attendant style uniform",
    "priest robe",
    "cassock",
    "monk robe",
    "simple religious robe",
    "altar server robe"
  ],

  "sports_and_training": [
    "gym uniform",
    "school gym uniform",
    "track uniform",
    "running uniform",
    "soccer uniform",
    "basketball uniform",
    "american football uniform",
    "baseball uniform",
    "tennis outfit",
    "cycling outfit",
    "training tracksuit",
    "warm-up tracksuit",
    "martial arts uniform",
    "karate gi",
    "judo gi",
    "jujutsu gi",
    "wrestling singlet"
  ],

  "costumes": {
    "general": [
      "costume",
      "ghost costume",
      "skeleton costume",
      "vampire costume",
      "zombie costume",
      "witch hunter costume",
      "wizard costume",
      "fantasy mage costume",
      "knight costume",
      "medieval soldier costume",
      "pirate costume",
      "cowboy costume",
      "santa costume",
      "toy soldier costume",
      "robot costume",
      "astronaut costume"
    ],
    "animal_costumes": [
      "animal costume",
      "bear costume",
      "cat costume",
      "dog costume",
      "wolf costume",
      "lion costume",
      "tiger costume",
      "rabbit costume",
      "fox costume",
      "deer costume",
      "horse costume",
      "panda costume",
      "penguin costume",
      "cow costume",
      "mouse costume",
      "sheep costume",
      "reindeer costume"
    ]
  },

  "traditional_attire": {
    "chinese_clothes": [
      "changshan",
      "hanfu robes",
      "tang suit jacket",
      "tangzhuang outfit",
      "long robe with mandarin collar"
    ],
    "japanese_clothes": [
      "kimono",
      "mens kimono",
      "yukata",
      "mens yukata",
      "hakama pants",
      "kimono with hakama",
      "haori jacket",
      "happi coat",
      "jinbei set",
      "geta sandals",
      "tabi socks"
    ],
    "korean_clothes": [
      "hanbok",
      "mens hanbok",
      "traditional jeogori jacket"
    ],
    "vietnamese_clothes": [
      "ao dai",
      "mens ao dai"
    ],
    "european_clothes": [
      "dirndl-inspired male outfit",
      "lederhosen outfit",
      "traditional folk vest outfit",
      "peasant shirt and trousers",
      "renaissance doublet outfit",
      "european noble outfit"
    ]
  }
}
