{
  "headwear": [
    "baseball cap",
    "snapback cap",
    "trucker cap",
    "visor cap",
    "beanie",
    "knit hat",
    "slouch beanie",
    "bucket hat",
    "sun hat",
    "wide-brim hat",
    "flat cap",
    "newsboy cap",
    "trilby hat",
    "fedora",
    "cowboy hat",
    "winter hat with pom",
    "hood",
    "hood up",
    "headband",
    "sports headband",
    "bandana tied on head"
  ],

  "topwear": [
    "t-shirt",
    "plain t-shirt",
    "graphic t-shirt",
    "oversized t-shirt",
    "slim-fit t-shirt",
    "polo shirt",
    "rugby shirt",
    "long-sleeve t-shirt",
    "henley shirt",
    "tank top",
    "athletic tank top",
    "button-up shirt",
    "short-sleeve button-up shirt",
    "flannel shirt",
    "plaid shirt",
    "dress shirt",
    "linen shirt",
    "chambray shirt",
    "hoodie",
    "zip hoodie",
    "pullover hoodie",
    "sweatshirt",
    "crewneck sweater",
    "v-neck sweater",
    "cardigan",
    "knitted sweater",
    "turtleneck sweater",
    "vest",
    "puffer vest",
    "denim jacket",
    "leather jacket",
    "bomber jacket",
    "biker jacket",
    "track jacket",
    "windbreaker",
    "puffer jacket",
    "parka",
    "lightweight jacket",
    "rain jacket",
    "blazer",
    "casual blazer",
    "open shirt over t-shirt"
  ],

  "bottomwear": [
    "jeans",
    "slim jeans",
    "skinny jeans",
    "straight-leg jeans",
    "relaxed jeans",
    "ripped jeans",
    "dark wash jeans",
    "light wash jeans",
    "chinos",
    "slim-fit chinos",
    "relaxed chinos",
    "dress pants",
    "pleated trousers",
    "wide-leg trousers",
    "cargo pants",
    "tactical pants",
    "carpenter pants",
    "sweatpants",
    "fleece joggers",
    "track pants",
    "joggers",
    "linen pants",
    "shorts",
    "casual shorts",
    "denim shorts",
    "cargo shorts",
    "athletic shorts",
    "running shorts",
    "board shorts",
    "knee-length shorts"
  ],

  "full_outfits": [
    "business suit",
    "three-piece suit",
    "casual outfit",
    "relaxed weekend outfit",
    "smart casual outfit",
    "business casual outfit",
    "streetwear outfit",
    "athleisure outfit",
    "layered fall outfit",
    "winter outfit with coat",
    "summer outfit",
    "spring outfit",
    "monochrome outfit",
    "neutral-tone outfit",
    "earth-tone outfit",
    "rugged outdoor outfit",
    "urban casual outfit",
    "minimalist outfit"
  ],

  "footwear": [
    "sneakers",
    "low-top sneakers",
    "high-top sneakers",
    "running shoes",
    "trail running shoes",
    "training shoes",
    "canvas sneakers",
    "dress shoes",
    "oxford shoes",
    "derby shoes",
    "loafer shoes",
    "penny loafers",
    "combat boots",
    "work boots",
    "hiking boots",
    "ankle boots",
    "chelsea boots",
    "desert boots",
    "chukka boots",
    "casual boots",
    "sandals",
    "leather sandals",
    "slides",
    "flip flops",
    "barefoot"
  ],

  "accessories": {
    "head_and_face": [
      "glasses",
      "round glasses",
      "square-frame glasses",
      "wire-frame glasses",
      "sunglasses",
      "aviator sunglasses",
      "sport sunglasses",
      "wayfarer sunglasses",
      "face mask",
      "bandana around face",
      "headset",
      "gaming headset",
      "earbuds",
      "over-ear headphones",
      "goggles",
      "ski goggles",
      "eye patch"
    ],
    "neck_and_shoulders": [
      "scarf",
      "winter scarf",
      "light scarf",
      "infinity scarf",
      "necktie",
      "loosened necktie",
      "bow tie",
      "necklace",
      "simple chain necklace",
      "dog tag necklace",
      "pendant necklace",
      "shoulder wrap",
      "shawl",
      "hooded scarf"
    ],
    "limbs": [
      "bracelet",
      "bracelets",
      "leather bracelet",
      "metal bracelet",
      "wristband",
      "sports wristband",
      "watch",
      "digital watch",
      "analog watch",
      "fingerless gloves",
      "knit gloves",
      "leather gloves",
      "driving gloves",
      "arm sleeves",
      "compression sleeves",
      "arm bands",
      "elbow pads",
      "knee pads",
      "wrist wraps"
    ],
    "torso_misc": [
      "belt",
      "dress belt",
      "casual belt",
      "canvas belt",
      "utility belt",
      "suspenders",
      "chest harness",
      "minimal chest harness",
      "torso strap",
      "body harness",
      "shoulder holster",
      "crossbody bag strap",
      "utility chest rig",
      "messenger bag strap",
      "backpack straps visible"
    ],
    "legs_and_feet": [
      "ankle socks",
      "no-show socks",
      "crew socks",
      "calf socks",
      "knee-high socks",
      "patterned socks",
      "striped socks",
      "compression socks",
      "shin guards"
    ],
    "general": [
      "backpack",
      "compact backpack",
      "tactical backpack",
      "messenger bag",
      "canvas messenger bag",
      "shoulder bag",
      "crossbody bag",
      "duffel bag",
      "small waist bag",
      "leather satchel",
      "gym bag",
      "phone clipped to belt",
      "keychain on belt loop",
      "ring on finger",
      "multiple rings on fingers",
      "beaded bracelet stack",
      "umbrella",
      "folded umbrella in hand",
      "scarf tucked into coat"
    ]
  },

  "styles_and_patterns": {
    "patterns": [
      "plaid pattern",
      "tartan pattern",
      "striped pattern",
      "horizontal stripe pattern",
      "vertical stripe pattern",
      "checkered pattern",
      "gingham pattern",
      "herringbone pattern",
      "herringbone weave pattern",
      "camouflage pattern",
      "digital camouflage pattern",
      "houndstooth pattern",
      "pinstripe pattern",
      "color-block pattern"
    ],
    "prints": [
      "logo print",
      "small chest logo print",
      "graphic print",
      "large front graphic print",
      "abstract graphic print",
      "text print",
      "minimal text print",
      "sports team style print",
      "number print",
      "subtle emblem print"
    ],
    "other": [
      "casual style",
      "smart casual style",
      "tailored style",
      "fitted style",
      "slim-fit style",
      "relaxed fit style",
      "oversized style",
      "boxy fit style",
      "layered style",
      "rugged style",
      "streetwear style",
      "minimalist style",
      "monochrome style",
      "earth-tone style",
      "high-contrast style"
    ]
  }
}
