{
  "hair_length_map": {
    "(none)": "",
    "": "",
    "short": "masculine short hair",
    "medium": "masculine medium-length hair",
    "long": "masculine long hair",
    "super long": "masculine very long hair"
  },

  "hair_style_map": {
    "(none)": "",
    "": "",
    "straight": "masculine straight hair",
    "wavy": "masculine wavy hair",
    "curly": "masculine curly hair",
    "messy": "masculine messy hair",
    "spiky": "masculine spiky hair",
    "bedhead": "masculine bedhead hair",
    "layered": "masculine layered hair",
    "slicked back": "masculine slicked back hair",
    "windswept": "masculine windswept hair",
    "afro": "masculine afro hairstyle",
    "buzzcut": "masculine buzzcut",
    "crew cut": "masculine crew cut",
    "undercut": "masculine undercut hairstyle",
    "side part": "masculine side-parted hair",
    "middle part": "masculine center-parted hair",
    "pompadour": "masculine pompadour hairstyle",
    "man bun": "masculine hair in a man bun",
    "topknot": "masculine topknot hairstyle",
    "faded sides": "masculine fade haircut"
  },

  "figure_map": {
    "(none)": "",
    "": "",
    "slim": "slim masculine build",
    "lean": "lean athletic build",
    "athletic": "athletic build",
    "muscular": "muscular build",
    "broad": "broad-shouldered build",
    "stocky": "stocky build",

    "average": "average build",
    "soft": "soft build",
    "chubby": "chubby build",
    "overweight": "overweight build"
  },


  "chest_size_map": {
    "(none)": "",
    "": "",
    "small": "small chest",
    "medium": "average chest",
    "large": "broad chest",
    "huge": "heavily built chest"
  },

  "chest_shape_map": {
    "(none)": "",
    "": "",
    "defined": "defined chest",
    "broad": "broad, square chest",
    "barrel": "barrel chest",
    "lean": "lean chest"
  },

  "face_shape_map": {
    "(none)": "",
    "": "",
    "oval": "oval face",
    "heart shaped": "heart-shaped face",
    "round": "round face",
    "square": "square face",
    "diamond": "diamond face",
    "triangle": "triangle face",
    "oblong": "oblong face"
  },

  "eye_shape_map": {
    "(none)": "",
    "": "",
    "round": "round eyes",
    "almond": "almond eyes",
    "narrow": "narrow eyes",
    "hooded": "hooded eyes",
    "upturned": "upturned eyes",
    "monolid": "monolid eyes",
    "protruding": "protruding eyes"
  },

  "eye_colors": [
    "(none)",
    "",
    "blue eyes",
    "green eyes",
    "brown eyes",
    "hazel eyes",
    "gray eyes",
    "amber eyes"
  ],

  "facial_hair": [
	"(none)",
	"",
	"masculine clean-shaven",
	"masculine light stubble",
	"masculine five o'clock shadow",
	"masculine heavy stubble",
	"masculine short beard",
	"masculine neatly trimmed beard",
	"masculine full beard",
	"masculine bushy beard",
	"masculine goatee",
	"masculine mustache",
	"masculine handlebar mustache"
	],

  "skin_tones": [
    "(none)",
    "",
    "pale skin",
    "fair skin",
    "light skin",
    "tan skin",
    "tanned skin",
    "sun-kissed skin",
    "olive skin",
    "brown skin",
    "dark skin",
    "deep brown skin",
    "ebony skin"
  ],

  "skin_surface": [
    "(none)",
    "",
    "smooth skin",
    "matte skin",
    "subtle skin sheen",
    "weathered skin"
  ],

  "skin_undertones": [
    "(none)",
    "",
    "cool undertones",
    "neutral undertones",
    "warm undertones",
    "golden undertones",
    "olive undertones"
  ],

  "skin_details": [
    "(none)",
    "",
    "light freckles",
    "freckles",
    "faint scars",
    "visible scars",
    "stubble shadow"
  ],

  "hair_colors": [
    "(none)",
    "",
    "black hair",
    "dark brown hair",
    "brown hair",
    "light brown hair",
    "blonde hair",
    "dirty blonde hair",
    "red hair",
    "auburn hair",
    "white hair",
    "silver hair"
  ],

  "body_hair": [
    "(none)",
    "",
    "natural body hair",
    "trimmed body hair",
    "neatly trimmed body hair",
    "shaved body hair"
  ],

  "presets": [
    {
      "name": "Athletic",
      "values": {
        "figure_macro": "athletic build",
        "chest_size": "medium",
        "chest_shape": "defined chest",
        "skin_tone": "tan skin",
        "skin_surface": "smooth skin",
        "hair_style": "short",
        "hair_color": "dark brown hair",
        "eye_color": "brown eyes",
        "jawline": "strong jawline"
      }
    },
    {
      "name": "Bodybuilder",
      "values": {
        "figure_macro": "muscular build",
        "chest_size": "large",
        "chest_shape": "broad chest",
        "skin_surface": "subtle skin sheen",
        "hair_style": "buzzcut",
        "hair_color": "black hair",
        "eye_color": "gray eyes",
        "jawline": "strong jawline"
      }
    },
    {
      "name": "Swimmer",
      "values": {
        "figure_macro": "lean athletic build",
        "chest_size": "medium",
        "chest_shape": "defined chest",
        "skin_tone": "light skin",
        "skin_surface": "smooth skin",
        "hair_style": "short",
        "hair_color": "light brown hair",
        "eye_color": "blue eyes"
      }
    },
    {
      "name": "Office Professional",
      "values": {
        "figure_macro": "slim masculine build",
        "chest_size": "medium",
        "chest_shape": "lean chest",
        "skin_surface": "matte skin",
        "hair_style": "side part",
        "hair_color": "brown hair",
        "eye_color": "hazel eyes",
        "facial_hair": "neatly trimmed beard"
      }
    },
    {
      "name": "Rugged Outdoorsman",
      "values": {
        "figure_macro": "broad-shouldered build",
        "chest_size": "large",
        "chest_shape": "barrel chest",
        "skin_tone": "tanned skin",
        "skin_surface": "weathered skin",
        "hair_style": "messy hair",
        "hair_color": "dark brown hair",
        "eye_color": "green eyes",
        "jawline": "strong jawline"
      }
    },
    {
      "name": "Boy-Next-Door",
      "values": {
        "figure_macro": "slim masculine build",
        "chest_size": "medium",
        "chest_shape": "lean chest",
        "skin_surface": "smooth skin",
        "hair_len": "medium-length hair",
        "hair_style": "wavy hair",
        "hair_color": "brown hair",
        "eye_color": "brown eyes",
        "facial_hair": "light stubble"
      }
    },
	    {
      "name": "Average Guy",
      "values": {
        "figure_macro": "average build",
        "chest_size": "medium",
        "chest_shape": "lean chest",
        "skin_tone": "light skin",
        "skin_surface": "smooth skin",
        "hair_style": "short",
        "hair_color": "brown hair",
        "eye_color": "brown eyes",
        "facial_hair": "light stubble"
      }
    },
        {
      "name": "Soft Office Worker",
      "values": {
        "figure_macro": "soft build",
        "chest_size": "medium",
        "chest_shape": "lean chest",
        "skin_tone": "fair skin",
        "skin_surface": "matte skin",
        "hair_style": "side part",
        "hair_color": "dark brown hair",
        "eye_color": "hazel eyes",
        "facial_hair": "clean-shaven"
      }
    },
        {
      "name": "Chubby Casual",
      "values": {
        "figure_macro": "chubby build",
        "chest_size": "large",
        "chest_shape": "barrel chest",
        "skin_tone": "tan skin",
        "skin_surface": "smooth skin",
        "hair_style": "messy hair",
        "hair_color": "light brown hair",
        "eye_color": "green eyes",
        "facial_hair": "short beard",
        "body_hair": "natural body hair"
      }
    },
        {
      "name": "Heavyset",
      "values": {
        "figure_macro": "overweight build",
        "chest_size": "huge",
        "chest_shape": "barrel chest",
        "skin_tone": "brown skin",
        "skin_surface": "weathered skin",
        "hair_style": "buzzcut",
        "hair_color": "black hair",
        "eye_color": "brown eyes",
        "facial_hair": "full beard",
        "body_hair": "natural body hair"
      }
    }

  ]
}
