{
  "hair_length_map": {
    "(none)": "",
    "": "",
    "short": "feminine short hair",
    "medium": "feminine shoulder-length hair",
    "long": "feminine long hair",
    "super long": "feminine very long hair"
  },
  "hair_style_map": {
    "(none)": "",
    "": "",
    "straight": "feminine straight hair",
    "wavy": "feminine wavy hair",
    "curly": "feminine curly hair",
    "messy": "feminine messy hair",
    "spiky": "feminine spiky hair",
    "bedhead": "feminine bedhead hair",
    "layered": "feminine layered hair",
    "braided": "feminine braided hair",
    "frizzy": "feminine frizzy hair",
    "slicked back": "feminine slicked back hair",
    "windswept": "feminine windswept hair",
    "afro": "feminine afro hairstyle",
    "buzzcut": "feminine buzzcut",
    "bob cut": "feminine bob cut",
    "asymmetrical bob": "feminine asymmetrical bob",
    "pixie cut": "feminine pixie cut",
    "side shave": "feminine side shaved hairstyle",
    "undercut": "feminine undercut hairstyle",
    "loose bun": "feminine loose bun hairstyle",
    "bun": "feminine hair in a bun",
    "double bun": "feminine double bun hairstyle",
    "space buns": "feminine space buns hairstyle",
    "ponytail": "feminine ponytail",
    "high ponytail": "feminine high ponytail",
    "side ponytail": "feminine side ponytail",
    "twin tails": "feminine twin tails hairstyle",
    "single braid": "feminine single braid",
    "long single braid": "feminine long single braid",
    "pigtail braids": "feminine pigtail braids hairstyle",
    "long pigtail braids": "feminine long pigtail braids",
    "side braid": "feminine side braid",
    "fishtail braid": "feminine fishtail braid",
    "crown braid": "feminine crown braid",
    "twin braids": "feminine twin braids",
    "topknot": "feminine topknot hairstyle",
    "hair over one eye": "feminine hair over one eye",
    "parted bangs": "feminine parted bangs",
    "swept bangs": "feminine swept bangs",
    "blunt bangs": "feminine blunt bangs",
    "no bangs": "feminine no bangs"
  },

  "figure_map": {
    "(none)": "",
    "": "",
    "perfect": "perfect figure",
    "slim": "slim figure",
    "athletic": "athletic figure",
    "full": "full figure",
    "curvy": "curvy figure"
  },
  "bust_size_map": {
    "(none)": "",
    "": "",
    "small": "small breasts",
    "medium": "medium breasts",
    "large": "large breasts",
    "huge": "huge breasts"
  },
  "bust_shape_map": {
    "(none)": "",
    "": "",
    "natural": "natural breasts",
    "perky": "perky breasts",
    "firm": "firm breasts",
    "full": "full bust",
    "saggy": "sagging breasts"
  },
  "face_shape_map": {
    "(none)": "",
    "": "",
    "oval": "oval face",
    "heart shaped": "heart-shaped face",
    "round": "round face",
    "square": "square face",
    "diamond": "diamond face",
    "triangle": "triangle face",
    "oblong": "oblong face"
  },
  "eye_shape_map": {
    "(none)": "",
    "": "",
    "round": "round eyes",
    "almond": "almond eyes",
    "narrow": "narrow eyes",
    "hooded": "hooded eyes",
    "upturned": "upturned eyes",
    "monolid": "monolid eyes",
    "protruding": "protruding eyes"
  },
  "eye_colors": [
    "(none)",
    "",
    "blue eyes",
    "green eyes",
    "brown eyes",
    "hazel eyes",
    "gray eyes",
    "amber eyes"
  ],
  "brows": [
    "(none)",
    "",
    "thin eyebrows",
    "thick eyebrows",
    "natural eyebrows"
  ],
  "skin_tones": [
    "(none)",
    "",
    "pale skin",
    "fair skin",
    "light skin",
    "tan skin",
    "tanned skin",
    "sun-kissed skin",
    "olive skin",
    "brown skin",
    "dark skin",
    "deep brown skin",
    "ebony skin"
  ],
  "skin_surface": [
    "(none)",
    "",
    "dewy skin",
    "smooth skin",
    "soft skin",
    "matte skin",
    "subtle skin sheen"
  ],
  "skin_undertones": [
    "(none)",
    "",
    "cool undertones",
    "neutral undertones",
    "warm undertones",
    "golden undertones",
    "rosy undertones",
    "olive undertones"
  ],
  "skin_details": [
    "(none)",
    "",
    "light freckles",
    "freckles",
    "heavy freckles"
  ],
  "hair_colors": [
    "(none)",
    "",
    "black hair",
    "dark brown hair",
    "brown hair",
    "blonde hair",
    "platinum blonde hair",
    "red hair",
    "auburn hair",
    "white hair",
    "silver hair"
  ],
  "pubic_hair": [
    "(none)",
    "",
    "natural pubic hair",
    "trimmed pubic hair",
    "neatly trimmed pubic hair",
    "shaved pubic hair"
  ],
  "presets": [
    {
      "name": "Gothic",
      "values": {
        "figure_macro": "curvy figure",
        "skin_tone": "pale skin",
        "hair_len": "long hair",
        "hair_color": "black hair",
        "eye_color": "green eyes",
        "face_shape": "oval face",
        "skin_surface": "matte skin",
        "bust_size": "medium breasts",
        "bust_shape": "full bust"
      }
    },
    {
      "name": "Runway Model",
      "values": {
        "figure_macro": "slim figure",
        "bust_size": "medium breasts",
        "face_shape": "oval face",
        "cheekbones": "high cheekbones",
        "jawline": "strong jawline",
        "hair_len": "long hair",
        "hair_style": "straight hair",
        "hair_color": "platinum blonde hair",
        "eye_color": "blue eyes",
        "skin_surface": "matte skin"
      }
    },
    {
      "name": "Athlete",
      "values": {
        "figure_macro": "athletic figure",
        "bust_size": "small breasts",
        "bust_shape": "firm breasts",
        "hair_style": "wavy hair",
        "hair_color": "brown hair",
        "skin_tone": "tan skin",
        "jawline": "strong jawline"
      }
    },
    {
      "name": "Secretary",
      "values": {
        "figure_macro": "curvy figure",
        "bust_size": "medium breasts",
        "bust_shape": "full bust",
        "hair_len": "shoulder-length hair",
        "hair_style": "straight hair",
        "hair_color": "brown hair",
        "eye_color": "hazel eyes",
        "skin_surface": "soft skin"
      }
    },
    {
      "name": "Executive",
      "values": {
        "figure_macro": "slim figure",
        "bust_size": "medium breasts",
        "hair_style": "straight hair",
        "hair_color": "black hair",
        "eye_color": "gray eyes",
        "jawline": "strong jawline",
        "skin_surface": "matte skin"
      }
    },
    {
      "name": "Big-breasted",
      "values": {
        "figure_macro": "curvy figure",
        "bust_size": "huge breasts",
        "bust_shape": "full bust",
        "skin_surface": "soft skin"
      }
    },
    {
      "name": "Medium-breasted",
      "values": {
        "figure_macro": "curvy figure",
        "bust_size": "medium breasts",
        "bust_shape": "full bust",
        "skin_surface": "smooth skin"
      }
    },
    {
      "name": "Small-breasted",
      "values": {
        "figure_macro": "slim figure",
        "bust_size": "small breasts",
        "bust_shape": "perky breasts",
        "skin_surface": "soft skin"
      }
    },
    {
      "name": "Pin-up Curvy",
      "values": {
        "figure_macro": "full figure",
        "bust_size": "large breasts",
        "bust_shape": "full bust",
        "hair_style": "wavy hair",
        "hair_color": "red hair",
        "face_shape": "oval face",
        "skin_surface": "soft skin"
      }
    },
    {
      "name": "Girl-Next-Door",
      "values": {
        "figure_macro": "slim figure",
        "bust_size": "medium breasts",
        "bust_shape": "perky breasts",
        "brows": "natural eyebrows",
        "skin_surface": "soft skin",
        "hair_len": "shoulder-length hair",
        "hair_color": "brown hair",
        "eye_color": "brown eyes"
      }
    }
  ]
}
