{
  "Standing": [
    "standing",
    "standing, arms extended to sides",
    "standing, arms crossed",
    "standing, flexing biceps",
    "standing, arms raised overhead, praise the sun pose",
    "standing, reaching forward",
    "standing, shrugging",
    "standing, t-pose",
    "standing, arms at sides",
    "standing, arms raised in V-shape",
    "standing, arms bent in W-shape",
    "standing, one arm behind back",
    "standing, hands behind back",
    "standing, waving",
    "standing, saluting",
    "standing, finger on lips, shushing",
    "standing, arms raised upward",
    "standing, one arm behind head",
    "standing, hands behind head",
    "standing, hands forming heart shape",
    "standing, arms extended forward, carry me pose",
    "standing, making frame with fingers",
    "standing, hand horns gesture",
    "standing, one arm outstretched",
    "standing, both arms outstretched",
    "standing, arms spread wide",
    "standing, arm at side",
    "standing, stroking chin",
    "standing, one hand reaching outward",
    "standing, both hands reaching outward",
    "standing, hand cupped over ear",
    "standing, hand on own butt",
    "standing, clasping own hands",
    "standing, hands together",
    "standing, interlocked fingers",
    "standing, arched back posture",
    "standing, legs crossed",
    "standing, legs apart",
    "standing on one leg",
    "standing in contrapposto pose",
    "standing, playing with hair"
  ],
  "Kneeling": [
    "kneeling",
    "kneeling on one knee",
    "kneeling, arched back",
    "kneeling, one arm above head",
    "kneeling, both arms above head",
    "kneeling, arms crossed",
    "kneeling, playing with hair",
    "kneeling, arms extended to sides",
    "kneeling, crossed arms",
    "kneeling, flexing muscles",
    "kneeling, praise the sun pose",
    "kneeling, reaching forward",
    "kneeling, shrugging",
    "kneeling, t-pose",
    "kneeling, arms at sides",
    "kneeling, arms in V shape",
    "kneeling, arms bent in W shape",
    "kneeling, arm behind back",
    "kneeling, hands behind back",
    "kneeling, waving",
    "kneeling, saluting",
    "kneeling, finger on lips, shushing",
    "kneeling, arms raised",
    "kneeling, arm behind head",
    "kneeling, hands behind head",
    "kneeling, hands forming heart shape",
    "kneeling, arms open, carry me pose",
    "kneeling, fingers forming frame",
    "kneeling, horns hand gesture",
    "kneeling, one arm outstretched",
    "kneeling, both arms outstretched",
    "kneeling, arms spread",
    "kneeling, arm at side",
    "kneeling, stroking chin",
    "kneeling, one hand outstretched",
    "kneeling, both hands outstretched",
    "kneeling, hand over ear",
    "kneeling, hand on own butt",
    "kneeling, clasping own hands",
    "kneeling, hands together",
    "kneeling, interlocked fingers"
  ],
  "Lying": [
    "lying down",
    "lying down, legs crossed",
    "lying in fetal position",
    "lying on back",
    "lying on side",
    "lying on stomach",
    "lying, ankles crossed",
    "lying, body curled up",
    "lying, legs raised",
    "lying, knees hugged to chest",
    "lying, legs over head",
    "lying, one leg lifted",
    "lying, one leg outstretched",
    "lying, legs pinned together",
    "lying, legs spread",
    "lying, knees apart, feet together",
    "lying, knees together, feet apart",
    "lying, one knee raised",
    "lying, both knees raised",
    "lying, hugging own knees"
  ],
  "Sitting": [
    "sitting",
    "sitting on one knee",
    "sitting, arched back",
    "sitting, one arm above head",
    "sitting, arms raised above head",
    "sitting, arms crossed",
    "sitting, playing with hair",
    "sitting, arms out to sides",
    "sitting, crossed arms",
    "sitting, flexing",
    "sitting, praise the sun pose",
    "sitting, reaching out",
    "sitting, shrugging",
    "sitting, t-pose",
    "sitting, arms down to side",
    "sitting, arms in V shape",
    "sitting, arms in W shape",
    "sitting, one arm behind back",
    "sitting, hands behind back",
    "sitting, waving",
    "sitting, saluting",
    "sitting, finger on lips, shushing",
    "sitting, arms raised up",
    "sitting, one arm behind head",
    "sitting, hands behind head",
    "sitting, hands forming heart shape",
    "sitting, arms extended forward, carry me pose",
    "sitting, framing face with fingers",
    "sitting, horns hand gesture",
    "sitting, one arm outstretched",
    "sitting, both arms outstretched",
    "sitting, arms spread wide",
    "sitting, arm resting at side",
    "sitting, stroking chin",
    "sitting, one hand extended",
    "sitting, both hands extended",
    "sitting, hand on ear",
    "sitting, hand on own butt",
    "sitting, clasped hands",
    "sitting, hands together",
    "sitting, fingers interlocked",
    "sitting, butterfly position",
    "sitting, legs crossed",
    "sitting cross-legged",
    "sitting in lotus position",
    "hugging own legs while sitting",
    "reclining pose",
    "seiza sitting",
    "sitting astride thighs",
    "upright straddle sitting",
    "wariza style sitting",
    "yokozuwari sitting"
  ],
  "Misc": [
    "crawling",
    "idle stance",
    "falling midair",
    "floating",
    "flying",
    "jumping",
    "hopping",
    "pouncing",
    "running",
    "walking",
    "on all fours",
    "top down bottom up pose",
    "prostration",
    "bowlegged stance",
    "cowering",
    "crucifixion pose",
    "faceplant pose",
    "squatting",
    "stretching",
    "yoga pose"
  ]
}
