{
  "environments": [
    {
      "name": "alien_planet",
      "prompts": [
        {
          "name": "alien_shallows",
          "text": "alien water shallows with translucent mineral floor, bioluminescent moss clusters, lily-like alien flora, fine surface ripples, atmospheric fog, sci-fi alien planet landscape, surreal environment"
        },
        {
          "name": "basalt_spires",
          "text": "towering basalt spires rising from a smooth plain, layered mineral formations, hazy ridge lines in the distance, thin alien atmosphere, otherworldly geology, sci-fi world"
        },
        {
          "name": "crystalline_basin",
          "text": "vast crystalline basin with ribbed terrain channels, translucent alien vegetation, patterned mineral ridges, expansive sky above, surreal sci-fi environment, high detail terrain"
        },
        {
          "name": "shattered_moons",
          "text": "fractured moon debris floating in the sky, vast cracked sediment plains, scattered alien boulders, drifting dust plumes, post-apocalyptic extraterrestrial landscape, sci-fi atmosphere, alien planet"
        },
        {
          "name": "bioluminescent_fungi_field",
          "text": "field of bioluminescent fungi with bulbous shapes, soft caps and rigid stalks, thick alien undergrowth, shallow fog hugging terrain, surreal ambiance, fantasy alien landscape"
        },
        {
          "name": "red_mineral_plateau",
          "text": "expansive red mineral plateau with fractured stone layers, step-like rock formations, wind-carved dust trails, broad horizon, Martian terrain, sci-fi environment"
        },
        {
          "name": "molten_crystal_river",
          "text": "river of molten crystal cutting through jagged crystal cliffs, smooth stone terraces, granular riverbanks, steam rising from vents, glowing minerals, alien geothermal environment, sci-fi fantasy"
        },
        {
          "name": "obsidian_plain_lightning",
          "text": "dark obsidian plain scattered with jagged shards and metal fragments, distant cliffs under alien sky, lightning in the distance, sci-fi wasteland, surreal sci-fi terrain"
        },
        {
          "name": "vapor_crater_lake",
          "text": "circular alien crater lake with steamy vapor surface, layered sediment shelves, root-like structures visible underwater, foggy atmosphere, extraterrestrial environment"
        },
        {
          "name": "geothermal_hollow_valley",
          "text": "sunken alien valley with geothermal vents, flexible alien plants resembling fronds, ash-covered terrain layers, warm steam drafts rising, sci-fi terrain"
        }
      ]
    },
    {
      "name": "urban_living",
      "prompts": [
        {
          "name": "neon_alley",
          "text": "narrow urban alley with neon signs, wet reflective pavement, steam rising from grates, overhead wires and ductwork, cyberpunk atmosphere, nighttime city setting"
        },
        {
          "name": "highrise_balcony",
          "text": "modern highrise balcony overlooking dense city skyline, glass railing, small plants and utility boxes, distant buildings, urban living scene, detailed architecture"
        },
        {
          "name": "rain_crosswalk",
          "text": "downtown city crosswalk after rain, zebra markings on wet asphalt, reflections of traffic lights, curb ramps and puddles, city streetscape"
        },
        {
          "name": "rooftop_garden",
          "text": "rooftop garden with rows of planters, cloth awnings, utility pipes and vents, overlooking cityscape, urban green space, modern architectural detail"
        },
        {
          "name": "steam_vent_corner",
          "text": "urban street corner with steam rising from service vents, brick buildings, sidewalk cracks and bollards, gritty city atmosphere, realistic textures"
        },
        {
          "name": "fluorescent_station",
          "text": "underground subway station with tiled walls, rows of support columns, directional signs, edge markings on platform, urban commuter scene, realistic environment"
        },
        {
          "name": "arcade_glow",
          "text": "retro arcade interior with rows of game cabinets, bright screens, colorful signage, posters on walls, nostalgic gamer atmosphere"
        },
        {
          "name": "blindshade_cafe",
          "text": "small cozy cafe interior with wooden furniture, slatted window blinds, tiled floor, counter with pastries, urban coffee shop aesthetic"
        },
        {
          "name": "industrial_loft_amber",
          "text": "spacious industrial loft with exposed beams and ducts, large windows, floating dust, open floor plan with minimal furnishings, modern urban interior"
        },
        {
          "name": "wet_storefront",
          "text": "vacant city storefront with large glass window, cracked tile entryway, puddles on sidewalk, stacked signs near entrance, urban decay, detailed textures"
        }
      ]
    },
    {
      "name": "house_interior",
      "prompts": [
        {
          "name": "twilight_bedroom",
          "text": "cozy bedroom with linen bedding, wooden bedside table, patterned rug, framed art on walls, natural light through half-drawn curtains, tranquil home scene"
        },
        {
          "name": "dawn_kitchen",
          "text": "kitchen with open shelves, ceramic mugs, stovetop kettle, dew on surfaces, homey morning atmosphere, modern rustic style"
        },
        {
          "name": "loft_living_room",
          "text": "open loft living room with low table, book stacks, soft fabric sofa, scattered cushions, musical instrument in corner, warm inviting space"
        },
        {
          "name": "quiet_hall_photos",
          "text": "narrow hallway with polished wooden floor, framed photographs along walls, subtle baseboard detail, long patterned runner, quiet home scene"
        },
        {
          "name": "studio_twilight",
          "text": "studio apartment interior with folded futon, shelf with plants, compact desk, window shadows, cozy urban living space"
        },
        {
          "name": "mirror_condensation",
          "text": "fogged bathroom mirror with tiled background, towel rail and small toiletry tray, condensation on surfaces, intimate setting, soft detail focus"
        },
        {
          "name": "window_linen_still",
          "text": "window seat with neatly folded laundry, cotton throws, narrow sill storage, ambient daylight entering softly, calm and peaceful atmosphere, interior detail focus"
        },
        {
          "name": "desk_lamp_study",
          "text": "quiet study room with desk lamp, papers stacked neatly, cork board with notes, swivel chair and file drawer unit, tidy home workspace"
        },
        {
          "name": "stairwell_toplight",
          "text": "residential stairwell with wooden treads, wall railing, top skylight, floating dust particles visible, quiet architectural space"
        },
        {
          "name": "amber_den",
          "text": "intimate den with heavy curtains, low bookcase, plush armchair beside side table, carpeted floor, cozy atmosphere, warm home interior"
        }
      ]
    },
    {
      "name": "mountains_wilderness",
      "prompts": [
        {
          "name": "fog_ridge",
          "text": "mountain ridge path covered in low-lying fog, rough granite stones underfoot, hardy alpine shrubs, distant peaks fading into mist, tranquil mountain atmosphere, detailed terrain"
        },
        {
          "name": "dawn_clearing",
          "text": "forest clearing with moss-covered trunks, fern clusters around damp leaf litter, narrow wildlife trails through undergrowth, natural wilderness environment"
        },
        {
          "name": "sunset_cliff_glow",
          "text": "sheer cliff face with deep ledges and rock cracks, talus slope beneath, sparse alpine vegetation, valley below, high mountain scene"
        },
        {
          "name": "pinefloor_shafts",
          "text": "pine forest floor covered in needles and cones, light shafts through canopy, old stumps and small gaps in understory, serene forest ambiance, natural textures"
        },
        {
          "name": "canyon_river_haze",
          "text": "deep canyon with fast-flowing river, layered rock walls rising on both sides, gravel bars and scattered driftwood, morning haze, majestic wilderness scene"
        },
        {
          "name": "alpine_meadow_thin_air",
          "text": "alpine meadow with short green grasses, scattered rocks and weathered signpost, wide blue sky overhead, peaceful high-altitude landscape"
        },
        {
          "name": "glow_cave_mouth",
          "text": "cave mouth with mineral-coated entrance, shallow reflective pools, uneven rocky floor, interior fading into shadow, echoing chamber"
        },
        {
          "name": "glacial_spindrift",
          "text": "vast glacial plain with wind-formed sastrugi patterns, crusted ice surface, moraine lines cutting across terrain, distant seracs under cold sky, arctic landscape"
        },
        {
          "name": "moss_ravine_mist",
          "text": "narrow ravine filled with dense moss, slow trickling runoff over slick rocks, small saplings leaning toward light, faint mist clinging to walls, hidden forest crevice"
        },
        {
          "name": "auroral_peak",
          "text": "isolated snow-covered peak with corniced edge, packed ice ridges carved by wind, northern lights overhead, remote and majestic mountain summit"
        }
      ]
    },
    {
      "name": "beach_coastal",
      "prompts": [
        {
          "name": "golden_shoreline",
          "text": "shoreline with wet golden sand, scattered seashells, gentle foam patterns, smooth sloping beach into calm ocean, peaceful beach scene"
        },
        {
          "name": "fog_pier_lights",
          "text": "old wooden pier with barnacle-encrusted pilings, metal cleats, marine fog rolling through, distant lights, coastal atmosphere"
        },
        {
          "name": "cyan_twilight_beach",
          "text": "beach with smooth tidal flats, bands of seaweed and shallow reflective pools, cyan sky, quiet and surreal coastal scene"
        },
        {
          "name": "tidepool_shell_ring",
          "text": "rocky tidepool with ring of colorful shells and coral, small sea anemones, patterned water ripples, vibrant marine textures"
        },
        {
          "name": "cliff_surf_spray",
          "text": "coastal cliff with rock ledges and wind-blown scree, ocean surf crashing below, drifting spray over stones, nesting birds and narrow trail, dramatic seaside view"
        },
        {
          "name": "rain_boardwalk",
          "text": "wooden boardwalk after rain, wet planks with puddles, railings and weathered kiosk fronts, coastal boardwalk vibe, overcast sky"
        },
        {
          "name": "harbor_sodium_glow",
          "text": "harbor at night with docked boats, floating ropes and debris, sodium vapor fixtures, weathered bollards along seawall, tranquil night harbor"
        },
        {
          "name": "slick_coastal_rocks",
          "text": "coastal rocks with wet glossy surfaces, patches of kelp and barnacles, tide lines visible, open sea beyond, richly detailed textures"
        },
        {
          "name": "wind_dune_grass",
          "text": "windy beach dune with rippled sand and swaying marram grass, old wooden fence posts, distant ocean horizon, natural coastal habitat"
        },
        {
          "name": "secluded_cove_hour",
          "text": "quiet rocky cove with round beach stones, curved inlet, driftwood gathered at shore, distant open water, hidden coastal retreat"
        }
      ]
    },
    {
      "name": "nightlife_interior",
      "prompts": [
        {
          "name": "neon_haze_club",
          "text": "nightclub interior with neon fixtures, haze above dancefloor, reflective tiles and mirrored panels, cables and trusses overhead, vibrant party atmosphere"
        },
        {
          "name": "red_bar_top",
          "text": "bar counter scene with bottles arranged on back wall racks, rubber mats, stools and partitions, sleek nightlife environment, detailed bar interior"
        },
        {
          "name": "beam_floor_smoke",
          "text": "club dance floor with overhead metal truss beams, fog drifting near feet, speaker stacks and flashing fixtures, scattered confetti, electric nightlife scene"
        },
        {
          "name": "cyan_magenta_lounge",
          "text": "colorful lounge with velvet sofas, low tables, acoustic wall panels, curtains framing entryway, stylish interior"
        },
        {
          "name": "filament_vip",
          "text": "VIP booth area with high-back seats, privacy rails, illuminated menu stands, dark carpet aisle, luxury lounge atmosphere"
        },
        {
          "name": "flicker_stair_neon",
          "text": "club stairwell with flickering neon signs, metal treads and landing, wall posters with retro graphics, industrial handrails, underground urban vibe"
        },
        {
          "name": "uv_stage_dust",
          "text": "underground concert stage with ultraviolet fixtures, dust motes above wooden boards, cable troughs and guard rail, dark gritty atmosphere, concert hall interior"
        },
        {
          "name": "purple_rooftop_bar",
          "text": "rooftop bar under purple sky, glass railing, city skyline surrounding, service counter with lighted edges, modern outdoor nightlife setting"
        },
        {
          "name": "backroom_corridor",
          "text": "narrow backroom corridor with utility doors, mop sink, cleaning carts, patterned floor tiles, maintenance fixtures, backstage club interior"
        },
        {
          "name": "tungsten_afterparty",
          "text": "afterparty lounge with low sofas, ashtray table in center, curtain dividers, lingering haze in air, relaxed post-event vibe"
        }
      ]
    },
    {
      "name": "desert",
      "prompts": [
        {
          "name": "burnt_sky_dunes",
          "text": "vast desert dunes under an orange sky, long ridged sand waves, sparse desert shrubs, expansive basin in the distance, warm atmospheric glow, desert landscape"
        },
        {
          "name": "buried_outpost",
          "text": "abandoned desert outpost half buried in sand, rusted metal panels, exposed antenna frames, shallow trench lines, lonely and desolate environment, post-apocalyptic sci-fi setting"
        },
        {
          "name": "eroded_arch_shadows",
          "text": "massive sandstone arch with wind-carved grooves, tall buttress columns, dry desert wash below, layered rock textures, natural erosion details"
        },
        {
          "name": "white_sun_saltflats",
          "text": "blinding white salt flat with polygon crack patterns, crusted salt plates, scattered poles and mirage effects, vast dry emptiness, alien desert vibe"
        },
        {
          "name": "ancient_pillars_dust",
          "text": "ancient stone pillars rising from desert dunes, carved surface details, sediment mounds at base, drifting dust bands in the wind, mystical desert ruins"
        },
        {
          "name": "amber_slot_canyon",
          "text": "narrow slot canyon with smooth amber-toned rock walls, curved stone patterns, gravel path below, natural canyon glow"
        },
        {
          "name": "still_oasis_mist",
          "text": "quiet desert oasis with still water, palm trees along the edge, morning mist rising, reed patches and sandy shoreline, tranquil desert refuge"
        },
        {
          "name": "blue_starlight_dunes",
          "text": "moonlit desert dunes under deep blue sky, ridged sand textures, crisp nighttime desert air, dreamlike desert atmosphere"
        },
        {
          "name": "caravan_remnants",
          "text": "remains of a desert caravan with broken wooden frames, torn fabric pieces, crates half-buried in sand, stones arranged as anchors, historical decay, forgotten trade route"
        },
        {
          "name": "mesa_dry_seabed",
          "text": "high mesa overlooking a dry ancient seabed, ripple marks preserved in stone, scattered boulders and distant eroded cliffs, expansive barren terrain, prehistoric desert scene"
        }
      ]
    },
    {
      "name": "lakeside_creekside",
      "prompts": [
        {
          "name": "fog_mirror_lake",
          "text": "still mountain lake with mirror surface, tree line reflected, ground fog across shoreline, quiet peaceful atmosphere, nature scene"
        },
        {
          "name": "moss_creek_gold",
          "text": "forest creek flowing over moss-covered rocks, fallen leaves gathered in bends, branches overhead, vibrant forest detail, tranquil scene"
        },
        {
          "name": "mist_dock",
          "text": "old wooden dock extending over calm lake water, boathouse wall nearby, mist drifting across surface, subtle reflection on still water, lakeside scene"
        },
        {
          "name": "cabin_shore_smoke",
          "text": "lakeside cabin with stone fire ring, gentle smoke rising into cool air, small wooden pier nearby, rocky shoreline with forest backdrop, rustic outdoor lifestyle"
        },
        {
          "name": "reed_marsh_edge",
          "text": "marsh edge with tall reeds swaying, muddy shoreline, narrow plank walkway extending into water, wooden bird perches on posts, serene wetland scene"
        },
        {
          "name": "rainbow_fall_mist",
          "text": "waterfall crashing onto rocks below with mist rising, rainbow in spray, wet stone ledges and green ferns, footbridge spanning over falls, nature moment"
        },
        {
          "name": "bridge_cool_shadow",
          "text": "steel frame bridge crossing cool river channel, dark abutments, debris caught on supports, soft reflections on water, industrial-river scene"
        },
        {
          "name": "red_evening_lake",
          "text": "lake with red glow on stone shoreline, slow rippling surface, humid summer air, scattered rocks near water's edge"
        },
        {
          "name": "overgrown_creek_bend",
          "text": "forest creek bend with dense undergrowth, thick root mats on banks, narrow sandbar in water, filtered light through canopy, woodland creek scene"
        },
        {
          "name": "still_reservoir_noon",
          "text": "quiet reservoir with smooth water, concrete embankment, buoy line marking safe zone, distant hills mirrored in surface, clean modern water feature"
        }
      ]
    },
    {
      "name": "scifi_environment",
      "prompts": [
        {
          "name": "orbital_platform",
          "text": "sci-fi orbital platform with large metal deck, safety rails, segmented floor plating, observation windows showing planet limb in distance, hard industrial sci-fi look, space station environment"
        },
        {
          "name": "panel_corridor",
          "text": "sci-fi corridor with panel walls, cable trays overhead, access hatches along sides, reinforced bulkhead doors, clean futuristic interior, spaceship environment"
        },
        {
          "name": "hangar_white_floods",
          "text": "futuristic hangar bay with overhead gantry cranes, landing grid markings on metal floor, sci-fi docking structures, spaceport vibe"
        },
        {
          "name": "translucent_control_room",
          "text": "futuristic control room with translucent displays, data console banks, adjustable chairs, complex array of controls, clean high-tech environment"
        },
        {
          "name": "dome_city_view",
          "text": "sci-fi city under a giant transparent dome, layered towers and curved terraces, elevated transit systems, cityscape stretching outward, utopian future style"
        },
        {
          "name": "red_emergency_shaft",
          "text": "narrow red maintenance shaft with metal ladder, conduit bundles along wall, warning signs and grated platforms, utility design"
        },
        {
          "name": "terraforming_storm_view",
          "text": "terraforming station interior with massive window facing storm clouds, structural supports and sensor arms visible, swirling alien atmosphere outside, sci-fi weather scene"
        },
        {
          "name": "synthetic_garden",
          "text": "engineered synthetic garden with geometric beds, biotechnical plants, irrigation channels, illuminated perimeter path, fusion of nature and machine, futuristic design"
        },
        {
          "name": "crashed_probe_site",
          "text": "impact crater site with partially buried alien probe, scorched ground, twisted metal parts, instrument modules scattered around, post-impact sci-fi scene, rugged terrain"
        },
        {
          "name": "starlight_observation",
          "text": "space observation deck with wide viewport panels showing starfield, polished floors, rows of benches along perimeter, quiet and majestic sci-fi environment, cosmic atmosphere"
        }
      ]
    }
  ]
}
