{
  "schema_version": "1.0",
  "profile": "upscale_detailer",

  "presets": [
    "(none)", "",
    "softsin_standard",
    "cinematic_stylized",
    "illustration_anime_hybrid",
    "dark_moody_realism",
    "hyperreal_studio_detail",
    "clean_photoreal_archviz",
    "painterly_realism",
    "crisp_editorial",
    "soft_diffusion_beauty",
    "ultra_clean_product"
  ],

  "presets_map": {
    "softsin_standard": "(masterpiece:1.2), (best quality:1.2), (high resolution), (ultra-detailed), (8k), (sharp focus), (photorealistic), (balanced composition), (realistic lighting), (clean render), (depth of field), (natural color grading)",
    "cinematic_stylized": "(masterpiece:1.2), (high quality), (cinematic lighting), (soft diffusion), (ultra-detailed), (8k), (filmic tones), (color depth), (HDR realism), (global illumination), (subtle bloom)",
    "illustration_anime_hybrid": "(masterpiece:1.2), (best quality), (highly detailed), (clean linework), (8k), (smooth shading), (vibrant colors), (dynamic lighting), (refined composition), (illustration quality)",
    "dark_moody_realism": "(masterpiece:1.2), (high quality), (dark cinematic lighting), (contrast shadows), (film grain subtle), (ultra-detailed), (photorealistic), (8k), (moody atmosphere), (natural tone mapping)",
    "hyperreal_studio_detail": "(masterpiece:1.2), (best quality:1.2), (hyperreal), (studio lighting), (ultra-detailed textures), (8k), (razor sharp), (micro-contrast), (precise highlights), (controlled shadows)",
    "clean_photoreal_archviz": "(masterpiece:1.2), (photorealistic), (architecture visualization quality), (8k), (clean render), (neutral color balance), (global illumination), (soft contact shadows), (sharp focus), (minimal noise)",
    "painterly_realism": "(masterpiece:1.2), (best quality), (painterly detail), (rich textures), (subtle brushwork), (natural color grading), (depth of field), (soft diffusion), (8k), (refined composition)",
    "crisp_editorial": "(masterpiece:1.2), (best quality), (editorial clarity), (studio polish), (8k), (sharp focus), (skin-safe detail), (controlled contrast), (balanced composition), (clean background)",
    "soft_diffusion_beauty": "(masterpiece:1.2), (high quality), (beauty-grade diffusion), (silky highlights), (fine detail), (8k), (gentle contrast), (natural tones), (soft depth of field), (clean render)",
    "ultra_clean_product": "(masterpiece:1.2), (best quality), (product-grade clarity), (ultra-clean render), (8k), (perfect edges), (precise reflections), (micro-detail), (neutral white balance), (controlled speculars)"
  }
}
